rank,player,team,position,pos_rank,tier,bye,ecr_vs_adp
1,Ja'Marr Chase,CIN,WR,1,1,6.0,2.0
2,Bijan Robinson,ATL,RB,1,1,11.0,0.0
3,Puka Nacua,LAR,WR,2,1,11.0,1.0
4,Jaxon Smith-Njigba,SEA,WR,3,1,11.0,1.0
5,Jahmyr Gibbs,DET,RB,2,1,6.0,-4.0
6,Amon-Ra St. Brown,DET,WR,4,2,6.0,1.0
7,CeeDee Lamb,DAL,WR,5,2,14.0,4.0
8,Christian McCaffrey,SF,RB,3,2,8.0,-2.0
9,Justin Jefferson,MIN,WR,6,2,6.0,1.0
10,Jonathan Taylor,IND,RB,4,2,13.0,-2.0
11,Drake London,ATL,WR,7,2,11.0,7.0
12,Nico Collins,HOU,WR,8,3,8.0,10.0
13,Ashton Jeanty,LV,RB,5,3,13.0,-4.0
14,A.J. Brown,NE,WR,9,3,11.0,5.0
15,George Pickens,DAL,WR,10,3,14.0,9.0
16,Trey McBride,ARI,TE,1,3,14.0,7.0
17,De'Von Achane,MIA,RB,6,3,6.0,0.0
18,Chris Olave,NO,WR,11,3,8.0,10.0
19,James Cook III,BUF,RB,7,3,7.0,-7.0
20,Brock Bowers,LV,TE,2,3,13.0,0.0
21,Chase Brown,CIN,RB,8,3,6.0,-6.0
22,Rashee Rice,KC,WR,12,3,5.0,3.0
23,Josh Allen,BUF,QB,1,4,7.0,6.0
24,Saquon Barkley,PHI,RB,9,4,10.0,-10.0
25,DeVonta Smith,PHI,WR,13,4,10.0,2.0
26,Omarion Hampton,LAC,RB,10,4,7.0,-13.0
27,Tetairoa McMillan,CAR,WR,14,4,5.0,13.0
28,Garrett Wilson,NYJ,WR,15,4,13.0,9.0
29,Malik Nabers,NYG,WR,16,4,8.0,10.0
30,Kenneth Walker III,KC,RB,11,4,5.0,-14.0
31,Lamar Jackson,BAL,QB,2,4,13.0,20.0
32,Tee Higgins,CIN,WR,17,4,6.0,6.0
33,Drake Maye,NE,QB,3,4,11.0,28.0
34,Zay Flowers,BAL,WR,18,4,13.0,-3.0
35,Jeremiyah Love,ARI,RB,12,5,14.0,-9.0
36,Ladd McConkey,LAC,WR,19,5,7.0,-1.0
37,Colston Loveland,CHI,TE,3,5,10.0,4.0
38,Derrick Henry,BAL,RB,13,5,13.0,-17.0
39,Jaylen Waddle,DEN,WR,20,5,10.0,6.0
40,Breece Hall,NYJ,RB,14,5,13.0,-10.0
41,Emeka Egbuka,TB,WR,21,5,10.0,-8.0
42,Terry McLaurin,WAS,WR,22,5,7.0,2.0
43,Kyren Williams,LAR,RB,15,5,11.0,-11.0
44,Joe Burrow,CIN,QB,4,5,6.0,15.0
45,Luther Burden III,CHI,WR,23,5,10.0,-2.0
46,Josh Jacobs,GB,RB,16,5,11.0,-4.0
47,Travis Etienne Jr.,NO,RB,17,5,8.0,-11.0
48,Javonte Williams,DAL,RB,18,5,14.0,-14.0
49,Davante Adams,LAR,WR,24,5,11.0,-2.0
50,Mike Evans,SF,WR,25,6,8.0,5.0
51,Jameson Williams,DET,WR,26,6,6.0,-1.0
52,DJ Moore,BUF,WR,27,6,7.0,2.0
53,Tyler Warren,IND,TE,4,6,13.0,11.0
54,Christian Watson,GB,WR,28,6,11.0,-1.0
55,Cam Skattebo,NYG,RB,19,6,8.0,-9.0
56,Jayden Daniels,WAS,QB,5,6,7.0,9.0
57,Jalen Hurts,PHI,QB,6,6,10.0,18.0
58,Bucky Irving,TB,RB,20,6,10.0,2.0
59,Rome Odunze,CHI,WR,29,6,10.0,-1.0
60,TreVeyon Henderson,NE,RB,21,6,11.0,-8.0
61,Quinshon Judkins,CLE,RB,22,6,11.0,-5.0
62,Carnell Tate,TEN,WR,30,6,9.0,0.0
63,D'Andre Swift,CHI,RB,23,6,10.0,-14.0
64,David Montgomery,HOU,RB,24,6,8.0,-16.0
65,Caleb Williams,CHI,QB,7,6,10.0,6.0
66,Marvin Harrison Jr.,ARI,WR,31,6,14.0,1.0
67,Justin Herbert,LAC,QB,8,6,7.0,6.0
68,Jaylen Warren,PIT,RB,25,6,9.0,1.0
69,Bhayshul Tuten,JAC,RB,26,7,7.0,-12.0
70,Harold Fannin Jr.,CLE,TE,5,7,11.0,24.0
71,Tucker Kraft,GB,TE,6,7,11.0,11.0
72,Alec Pierce,IND,WR,32,7,13.0,11.0
73,Courtland Sutton,DEN,WR,33,7,10.0,4.0
74,DK Metcalf,PIT,WR,34,7,9.0,-2.0
75,Jadarian Price,SEA,RB,27,7,11.0,-7.0
76,Trevor Lawrence,JAC,QB,9,7,7.0,4.0
77,Chris Godwin Jr.,TB,WR,35,7,10.0,9.0
78,Kyle Pitts Sr.,ATL,TE,7,7,11.0,12.0
79,Chuba Hubbard,CAR,RB,28,7,5.0,-3.0
80,Jordyn Tyson,NO,WR,36,7,8.0,-10.0
81,Rhamondre Stevenson,NE,RB,29,7,11.0,-3.0
82,Michael Wilson,ARI,WR,37,7,14.0,9.0
83,Tony Pollard,TEN,RB,30,7,9.0,-9.0
84,Jaxson Dart,NYG,QB,10,7,8.0,14.0
85,Dak Prescott,DAL,QB,11,7,14.0,-4.0
86,Michael Pittman Jr.,PIT,WR,38,7,9.0,1.0
87,Rico Dowdle,PIT,RB,31,7,9.0,2.0
88,RJ Harvey,DEN,RB,32,7,10.0,-4.0
89,Brian Thomas Jr.,JAC,WR,39,7,7.0,-26.0
90,Sam LaPorta,DET,TE,8,7,6.0,3.0
91,Wan'Dale Robinson,TEN,WR,40,7,9.0,19.0
92,Jakobi Meyers,JAC,WR,41,7,7.0,13.0
93,Makai Lemon,PHI,WR,42,7,10.0,-5.0
94,Brock Purdy,SF,QB,12,7,8.0,1.0
95,Parker Washington,JAC,WR,43,7,7.0,-29.0
96,Josh Downs,IND,WR,44,8,13.0,0.0
97,Kyle Monangai,CHI,RB,33,8,10.0,3.0
98,Travis Kelce,KC,TE,9,8,5.0,20.0
99,Kenny Gainwell,TB,RB,34,8,10.0,-14.0
100,Patrick Mahomes II,KC,QB,13,8,5.0,-1.0
101,Bo Nix,DEN,QB,14,8,10.0,10.0
102,Ricky Pearsall,SF,WR,45,8,8.0,1.0
103,J.K. Dobbins,DEN,RB,35,8,10.0,5.0
104,Matthew Stafford,LAR,QB,15,8,11.0,-7.0
105,Jake Ferguson,DAL,TE,10,8,14.0,21.0
106,Aaron Jones Sr.,MIN,RB,36,8,6.0,19.0
107,Jordan Addison,MIN,WR,46,8,6.0,-3.0
108,Blake Corum,LAR,RB,37,8,11.0,-7.0
109,Jared Goff,DET,QB,16,8,6.0,-2.0
110,Dalton Kincaid,BUF,TE,11,8,7.0,4.0
111,Quentin Johnston,LAC,WR,47,8,7.0,-32.0
112,Kyler Murray,MIN,QB,17,8,6.0,3.0
113,Jayden Reed,GB,WR,48,8,11.0,-21.0
114,Rachaad White,WAS,RB,38,8,7.0,-5.0
115,George Kittle,SF,TE,12,8,8.0,-2.0
116,Khalil Shakir,BUF,WR,49,8,7.0,8.0
117,Isaiah Likely,NYG,TE,13,8,8.0,6.0
118,Jordan Love,GB,QB,18,8,11.0,-2.0
119,Baker Mayfield,TB,QB,19,8,10.0,-7.0
120,Jayden Higgins,HOU,WR,50,8,8.0,2.0
121,Dallas Goedert,PHI,TE,14,8,10.0,9.0
122,Tyler Shough,NO,QB,20,8,8.0,-5.0
123,Jacory Croskey-Merritt,WAS,RB,39,8,7.0,6.0
124,Xavier Worthy,KC,WR,51,9,5.0,-18.0
125,KC Concepcion,CLE,WR,52,9,11.0,2.0
126,Tyrone Tracy Jr.,NYG,RB,40,9,8.0,5.0
127,Romeo Doubs,NE,WR,53,9,11.0,-7.0
128,Malik Willis,MIA,QB,21,9,6.0,5.0
129,Jordan Mason,MIN,RB,41,9,6.0,-8.0
130,Jalen Coker,CAR,WR,54,9,5.0,-2.0
131,Woody Marks,HOU,RB,42,9,8.0,11.0
132,Tyler Allgeier,ARI,RB,43,9,14.0,13.0
133,Mark Andrews,BAL,TE,15,9,13.0,-1.0
134,C.J. Stroud,HOU,QB,22,9,8.0,4.0
135,Zach Charbonnet,SEA,RB,44,9,11.0,20.0
136,Juwan Johnson,NO,TE,16,9,8.0,11.0
137,Matthew Golden,GB,WR,55,9,11.0,-18.0
138,Sam Darnold,SEA,QB,23,9,11.0,6.0
139,Jonathon Brooks,CAR,RB,45,9,5.0,-37.0
140,Tyjae Spears,TEN,RB,46,9,9.0,13.0
141,Dylan Sampson,CLE,RB,47,9,11.0,9.0
142,Chris Rodriguez Jr.,JAC,RB,48,9,7.0,-7.0
143,Isiah Pacheco,DET,RB,49,9,6.0,6.0
144,Cam Ward,TEN,QB,24,9,9.0,-4.0
145,Brenton Strange,JAC,TE,17,9,7.0,3.0
146,Alvin Kamara,NO,RB,50,9,8.0,25.0
147,Rashid Shaheed,SEA,WR,56,9,11.0,-10.0
148,Jerry Jeudy,CLE,WR,57,9,11.0,25.0
149,Oronde Gadsden II,LAC,TE,18,9,7.0,-10.0
150,Daniel Jones,IND,QB,25,9,13.0,-4.0
151,Jauan Jennings,MIN,WR,58,9,6.0,3.0
152,Omar Cooper Jr.,NYJ,WR,59,9,13.0,6.0
153,Denzel Boston,CLE,WR,60,9,11.0,3.0
154,Bryce Young,CAR,QB,26,9,5.0,5.0
155,Hunter Henry,NE,TE,19,9,11.0,2.0
156,Keaton Mitchell,LAC,RB,51,9,7.0,-20.0
157,Travis Hunter,JAC,WR,61,10,7.0,11.0
158,Jonah Coleman,DEN,RB,52,10,10.0,3.0
159,Brian Robinson Jr.,ATL,RB,53,10,11.0,11.0
160,Houston Texans,HOU,DST,1,10,8.0,39.0
161,Chig Okonkwo,WAS,TE,20,10,7.0,-20.0
162,Jalen McMillan,TB,WR,62,10,10.0,-19.0
163,Adonai Mitchell,NYJ,WR,63,10,13.0,12.0
164,Dalton Schultz,HOU,TE,21,10,8.0,12.0
165,Braelon Allen,NYJ,RB,54,10,13.0,22.0
166,Tre' Harris,LAC,WR,64,10,7.0,-3.0
167,Tank Bigsby,PHI,RB,55,10,10.0,-3.0
168,Tre Tucker,LV,WR,65,10,13.0,-17.0
169,Kayshon Boutte,NE,WR,66,10,11.0,43.0
170,James Conner,ARI,RB,56,10,14.0,51.0
171,Troy Franklin,DEN,WR,67,10,10.0,43.0
172,Denver Broncos,DEN,DST,2,10,10.0,43.0
173,T.J. Hockenson,MIN,TE,22,10,6.0,-7.0
174,Stefon Diggs,FA,WR,68,10,,-40.0
175,Seattle Seahawks,SEA,DST,3,10,11.0,38.0
176,Ryan Flournoy,DAL,WR,69,10,14.0,-14.0
177,Los Angeles Rams,LAR,DST,4,10,11.0,27.0
178,Emanuel Wilson,SEA,RB,57,10,11.0,31.0
179,Deebo Samuel Sr.,FA,WR,70,10,,-14.0
180,Philadelphia Eagles,PHI,DST,5,10,10.0,43.0
181,Emmett Johnson,KC,RB,58,10,5.0,-3.0
182,Kimani Vidal,LAC,RB,59,10,7.0,11.0
183,Calvin Ridley,TEN,WR,71,10,9.0,6.0
184,Jaylin Noel,HOU,WR,72,10,8.0,58.0
185,Jacoby Brissett,ARI,QB,27,10,14.0,-8.0
186,Isaac TeSlaa,DET,WR,73,10,6.0,-19.0
187,Minnesota Vikings,MIN,DST,6,10,6.0,42.0
188,Kenyon Sadiq,NYJ,TE,23,10,13.0,-28.0
189,New England Patriots,NE,DST,7,10,11.0,33.0
190,Darnell Mooney,NYG,WR,74,10,8.0,8.0
191,Brandon Aubrey,DAL,K,1,10,14.0,
192,Brandon Aiyuk,SF,WR,75,10,8.0,0.0
193,Jacksonville Jaguars,JAC,DST,8,10,7.0,32.0
194,Pittsburgh Steelers,PIT,DST,9,11,9.0,34.0
195,AJ Barner,SEA,TE,24,11,11.0,-11.0
196,Pat Bryant,DEN,WR,76,11,10.0,44.0
197,Ray Davis,BUF,RB,60,11,7.0,-11.0
198,Mike Washington Jr.,LV,RB,61,11,13.0,-8.0
199,Ka'imi Fairbairn,HOU,K,2,11,8.0,
200,Los Angeles Chargers,LAC,DST,10,11,7.0,32.0
201,Cameron Dicker,LAC,K,3,11,7.0,
202,Cam Little,JAC,K,4,11,7.0,
203,Chimere Dike,TEN,WR,77,11,9.0,118.0
204,Jason Myers,SEA,K,5,11,11.0,
205,Sean Tucker,TB,RB,62,11,10.0,-22.0
206,Dontayvion Wicks,PHI,WR,78,11,10.0,2.0
207,Gunnar Helm,TEN,TE,25,11,9.0,-22.0
208,Malik Washington,MIA,WR,79,11,6.0,-29.0
209,Green Bay Packers,GB,DST,11,11,11.0,35.0
210,Jalen Nailor,LV,WR,80,11,13.0,-58.0
211,Antonio Williams,WAS,WR,81,11,7.0,-39.0
212,Eddy Pineiro,SF,K,6,11,8.0,
213,Tyler Loop,BAL,K,7,11,13.0,
214,Baltimore Ravens,BAL,DST,12,11,13.0,20.0
215,Kansas City Chiefs,KC,DST,13,11,5.0,39.0
216,Nicholas Singleton,TEN,RB,63,11,9.0,-20.0
217,Evan McPherson,CIN,K,8,11,6.0,
218,Cleveland Browns,CLE,DST,14,11,11.0,20.0
219,Jaylen Wright,MIA,RB,64,11,6.0,5.0
220,Cairo Santos,CHI,K,9,11,10.0,
221,Andy Borregales,NE,K,10,11,11.0,
222,De'Zhaun Stribling,SF,WR,82,11,8.0,-21.0
223,Detroit Lions,DET,DST,15,11,6.0,27.0
224,Geno Smith,NYJ,QB,28,11,13.0,-44.0
225,Elic Ayomanor,TEN,WR,83,11,9.0,72.0
226,Cooper Kupp,SEA,WR,84,11,11.0,-9.0
227,David Njoku,LAC,TE,26,11,7.0,-16.0
228,Kaytron Allen,WAS,RB,65,11,7.0,-47.0
229,Tank Dell,HOU,WR,85,11,8.0,-29.0
230,Germie Bernard,PIT,WR,86,11,9.0,-20.0
231,Chase McLaughlin,TB,K,11,11,10.0,
232,Terrance Ferguson,LAR,TE,27,11,11.0,-27.0
233,Jake Bates,DET,K,12,11,6.0,
234,Rashod Bateman,BAL,WR,87,11,13.0,21.0
235,Buffalo Bills,BUF,DST,16,11,7.0,11.0
236,Aaron Rodgers,PIT,QB,29,11,9.0,-67.0
237,Cade Otton,TB,TE,28,11,10.0,-46.0
238,Ted Hurst III,TB,WR,88,11,10.0,-1.0
239,Pat Freiermuth,PIT,TE,29,11,9.0,-44.0
240,Tyreek Hill,FA,WR,89,11,,-9.0
241,Fernando Mendoza,LV,QB,30,11,13.0,-67.0
242,Justice Hill,BAL,RB,66,11,13.0,-22.0
243,Ollie Gordon II,MIA,RB,67,11,6.0,71.0
244,Zachariah Branch,ATL,WR,90,11,11.0,-56.0
245,Harrison Mevis,LAR,K,13,12,11.0,
246,Jack Bech,LV,WR,91,12,13.0,147.0
247,Colby Parkinson,LAR,TE,30,12,11.0,-28.0
248,Harrison Butker,KC,K,14,12,5.0,
249,Keon Coleman,BUF,WR,92,12,7.0,-8.0
250,Evan Engram,DEN,TE,31,12,10.0,3.0
251,Chris Bell,MIA,WR,93,12,6.0,0.0
252,Chris Boswell,PIT,K,15,12,9.0,
253,Christian Kirk,SF,WR,94,12,8.0,-47.0
254,Theo Johnson,NYG,TE,32,12,8.0,66.0
255,Mason Taylor,NYJ,TE,33,12,13.0,32.0
256,Devin Neal,NO,RB,68,12,8.0,144.0
257,Elijah Sarratt,BAL,WR,95,12,13.0,-8.0
258,Ty Johnson,BUF,RB,69,12,7.0,18.0
259,MarShawn Lloyd,GB,RB,70,12,11.0,-56.0
260,Eli Stowers,PHI,TE,34,12,10.0,-34.0
261,Malachi Fields,NYG,WR,96,12,8.0,10.0
262,Tory Horton,SEA,WR,97,12,11.0,-2.0
263,Michael Penix Jr.,ATL,QB,31,12,11.0,-36.0
264,Isaiah Davis,NYJ,RB,71,12,13.0,131.0
265,Jaydon Blue,DAL,RB,72,12,14.0,-68.0
266,Trey Benson,ARI,RB,73,12,14.0,124.0
267,Chris Brooks,GB,RB,74,12,11.0,22.0
268,DJ Giddens,IND,RB,75,12,13.0,-6.0
269,Marvin Mims Jr.,DEN,WR,98,12,10.0,139.0
270,Tua Tagovailoa,ATL,QB,32,12,11.0,-76.0
271,Darius Slayton,NYG,WR,99,12,8.0,47.0
272,Kaleb Johnson,PIT,RB,76,12,9.0,124.0
273,Mack Hollins,NE,WR,100,12,11.0,119.0
274,Jordan James,SF,RB,77,12,8.0,-72.0
275,Samaje Perine,CIN,RB,78,12,6.0,-30.0
276,Xavier Legette,CAR,WR,101,12,5.0,133.0
277,Chris Brazzell II,CAR,WR,102,12,5.0,-8.0
278,George Holani,SEA,RB,79,12,11.0,-62.0
279,Seth McGowan,IND,RB,80,12,13.0,104.0
280,Demond Claiborne,MIN,RB,81,12,6.0,-73.0
281,Malik Davis,DAL,RB,82,12,14.0,14.0
282,Tyquan Thornton,KC,WR,103,12,5.0,-35.0
283,LeQuint Allen Jr.,JAC,RB,83,12,7.0,-19.0
284,Atlanta Falcons,ATL,DST,17,12,11.0,-36.0
285,Kyle Williams,NE,WR,104,12,11.0,122.0
286,Keenan Allen,LAC,WR,105,12,7.0,-12.0
287,Devaughn Vele,NO,WR,106,12,8.0,-6.0
288,Wil Lutz,DEN,K,16,12,10.0,
289,Will Reichard,MIN,K,17,12,6.0,
290,Kendre Miller,NO,RB,84,12,8.0,68.0
291,Brashard Smith,KC,RB,85,12,5.0,115.0
292,Shedeur Sanders,CLE,QB,33,12,11.0,-49.0
293,San Francisco 49ers,SF,DST,18,12,8.0,-34.0
294,Jaleel McLaughlin,DEN,RB,86,12,10.0,
295,Najee Harris,LAC,RB,87,12,7.0,12.0
296,Greg Dulcich,MIA,TE,35,12,6.0,-114.0
297,Oscar Delp,NO,TE,36,12,8.0,101.0
298,Devin Singletary,NYG,RB,88,12,8.0,99.0
299,Jerome Ford,WAS,RB,89,12,7.0,79.0
300,Hollywood Brown,PHI,WR,107,12,10.0,-1.0
301,Deshaun Watson,CLE,QB,34,13,11.0,-66.0
302,Mike Gesicki,CIN,TE,37,13,6.0,-63.0
303,Kirk Cousins,LV,QB,35,13,13.0,-70.0
304,Charlie Smyth,NO,K,18,13,8.0,
305,Indianapolis Colts,IND,DST,19,13,13.0,-44.0
306,Emari Demercado,KC,RB,90,13,5.0,-23.0
307,Isaiah Bond,CLE,WR,108,13,11.0,24.0
308,Jake Tonges,SF,TE,38,13,8.0,-78.0
309,Kaelon Black,SF,RB,91,13,8.0,-91.0
310,Skyler Bell,BUF,WR,109,13,7.0,-31.0
311,Trevor Etienne,CAR,RB,92,13,5.0,8.0
312,Isaac Guerendo,SF,RB,93,13,8.0,18.0
313,Tahj Brooks,CIN,RB,94,13,6.0,72.0
314,Joe Mixon,FA,RB,95,13,,39.0
315,Adam Randall,BAL,RB,96,13,13.0,-12.0
316,Ja'Kobi Lane,BAL,WR,110,13,13.0,-25.0
317,Jarquez Hunter,LAR,RB,97,13,11.0,-2.0
318,Andrei Iosivas,CIN,WR,111,13,6.0,-13.0
319,Audric Estime,NO,RB,98,13,8.0,52.0
320,New Orleans Saints,NO,DST,20,13,8.0,-64.0
321,Chicago Bears,CHI,DST,21,13,10.0,-85.0
322,Cedric Tillman,CLE,WR,112,13,11.0,4.0
323,J.J. McCarthy,MIN,QB,36,13,6.0,80.0
324,Will Shipley,PHI,RB,99,13,10.0,21.0
325,Jalen Royals,KC,WR,113,13,5.0,-45.0
326,Tez Johnson,TB,WR,114,13,10.0,75.0
327,Konata Mumpfield,LAR,WR,115,13,11.0,-52.0
328,Kareem Hunt,FA,RB,100,13,,46.0
329,Bam Knight,ARI,RB,101,13,14.0,
330,Calvin Austin III,NYG,WR,116,13,8.0,51.0
331,Darnell Washington,PIT,TE,39,13,9.0,-65.0
332,Max Klare,LAR,TE,40,13,11.0,34.0
333,Luke McCaffrey,WAS,WR,117,13,7.0,-81.0
334,Jahan Dotson,ATL,WR,118,13,11.0,-25.0
335,Mac Jones,SF,QB,37,14,8.0,59.0
336,Tyler Higbee,LAR,TE,41,14,11.0,53.0
337,Noah Gray,KC,TE,42,14,5.0,67.0
338,Olamide Zaccheaus,ATL,WR,119,14,11.0,64.0
339,Caleb Douglas,MIA,WR,120,14,6.0,-6.0
340,Elijah Arroyo,SEA,TE,43,14,11.0,65.0
341,Jalen Tolbert,MIA,WR,121,14,6.0,-18.0
342,Joshua Palmer,BUF,WR,122,14,7.0,20.0
343,Carolina Panthers,CAR,DST,22,14,5.0,-78.0
344,J'Mari Taylor,JAC,RB,102,14,7.0,
345,Michael Mayer,LV,TE,44,14,13.0,-78.0
346,Ty Simpson,LAR,QB,38,14,11.0,42.0
347,Carson Beck,ARI,QB,39,14,14.0,-53.0
348,Dont'e Thornton Jr.,LV,WR,123,14,13.0,
349,Michael Carter,TEN,RB,103,14,9.0,-39.0
350,Justin Fields,KC,QB,40,14,5.0,-57.0
351,Ja'Tavion Sanders,CAR,TE,45,14,5.0,-81.0
352,Eli Heidenreich,PIT,RB,104,14,9.0,-79.0
353,Dallas Cowboys,DAL,DST,23,14,14.0,-90.0
354,Xavier Hutchinson,HOU,WR,124,14,8.0,-3.0
355,Bryce Lance,NO,WR,125,14,8.0,-26.0
356,DeMario Douglas,NE,WR,126,14,11.0,-29.0
357,Nick Chubb,FA,RB,105,14,,
358,Dawson Knox,BUF,TE,46,14,7.0,-57.0
359,Kendrick Bourne,ARI,WR,127,14,14.0,-48.0
360,Cole Kmet,CHI,TE,47,14,10.0,-44.0
361,Brenen Thompson,LAC,WR,128,14,7.0,14.0
362,Anthony Richardson Sr.,IND,QB,41,14,13.0,18.0
363,Jawhar Jordan,HOU,RB,106,14,8.0,-85.0
364,John Metchie III,CAR,WR,129,14,5.0,
365,Kalif Raymond,CHI,WR,130,14,10.0,-93.0
366,Zane Gonzalez,MIA,K,19,14,6.0,
367,Treylon Burks,WAS,WR,131,14,7.0,-82.0
368,Nick Westbrook-Ikhine,IND,WR,132,14,13.0,5.0
369,Jaylin Lane,WAS,WR,133,14,7.0,
370,Raheim Sanders,CLE,RB,107,14,11.0,
371,Tennessee Titans,TEN,DST,24,14,9.0,-75.0
372,Austin Ekeler,FA,RB,108,14,,-40.0
373,Tyler Bass,BUF,K,20,14,7.0,
374,Noah Fant,NO,TE,48,14,8.0,-22.0
375,Justin Joly,DEN,TE,49,14,10.0,-11.0
376,KaVontae Turpin,DAL,WR,134,14,14.0,-84.0
377,Nick Folk,ATL,K,21,14,11.0,
378,Tutu Atwell,MIA,WR,135,14,6.0,4.0
379,Cincinnati Bengals,CIN,DST,25,14,6.0,-24.0
380,Blake Grupe,IND,K,22,14,13.0,
381,Eli Raridon,NE,TE,50,14,11.0,-9.0
382,Zavion Thomas,CHI,WR,136,14,10.0,-124.0
383,Washington Commanders,WAS,DST,26,14,7.0,-7.0
384,John Bates,WAS,TE,51,14,7.0,
385,Kevin Coleman Jr.,MIA,WR,137,14,6.0,-60.0
386,Tommy Myers,FA,TE,52,14,,
387,Ryan Fitzgerald,CAR,K,23,14,5.0,
388,Savion Williams,GB,WR,138,14,11.0,-38.0
389,Ben Sinnott,WAS,TE,53,14,7.0,-30.0
390,New York Giants,NYG,DST,27,14,8.0,-133.0
391,Tampa Bay Buccaneers,TB,DST,28,14,10.0,-123.0
392,Luke Musgrave,GB,TE,54,14,11.0,-44.0
393,Phil Mafah,DAL,RB,109,14,14.0,-24.0
394,Chad Ryland,ARI,K,24,14,14.0,
395,Jameis Winston,NYG,QB,42,14,8.0,-11.0
396,Jake Elliott,PHI,K,25,14,10.0,
397,Tommy Tremble,CAR,TE,55,14,5.0,
398,Ben Sauls,NYG,K,26,14,8.0,
399,Darren Waller,FA,TE,56,14,,-52.0
400,Miami Dolphins,MIA,DST,29,14,6.0,-21.0
401,Marcus Mariota,WAS,QB,43,15,7.0,-14.0
402,Joey Slye,TEN,K,27,15,9.0,
403,Joe Flacco,CIN,QB,44,15,6.0,-4.0
404,Jordan Whittington,LAR,WR,139,15,11.0,
405,Brandon McManus,FA,K,28,15,,
406,Austin Hooper,ATL,TE,57,15,11.0,
407,Dameon Pierce,PHI,RB,110,15,10.0,
408,CJ Daniels,LAR,WR,140,15,11.0,
409,Daniel Bellinger,TEN,TE,58,15,9.0,-60.0
410,Terrell Jennings,NE,RB,111,15,11.0,
411,Daniel Carlson,LV,K,29,15,13.0,
412,DeAndre Hopkins,BAL,WR,141,15,13.0,
413,Deion Burks,IND,WR,142,15,13.0,
414,Trey Smack,GB,K,30,15,11.0,
415,Joe Milton III,DAL,QB,45,15,14.0,-87.0
416,Zach Ertz,FA,TE,59,15,,-53.0
417,Ashton Dulin,IND,WR,143,15,13.0,-129.0
418,Erick All Jr.,CIN,TE,60,15,6.0,-110.0
419,Tyler Lockett,LV,WR,144,15,13.0,
420,Antonio Gibson,FA,RB,112,15,,
421,Marlin Klein,HOU,TE,61,15,8.0,
422,Khalil Herbert,FA,RB,113,15,,
423,Jonnu Smith,FA,TE,62,15,,-58.0
424,Damien Martinez,GB,RB,114,15,11.0,-111.0
425,Greg Dortch,DET,WR,145,15,6.0,-113.0
426,Roschon Johnson,CHI,RB,115,15,10.0,
427,Jam Miller,NE,RB,116,15,11.0,-93.0
428,Dyami Brown,WAS,WR,146,15,7.0,-104.0
429,Cyrus Allen,KC,WR,147,15,5.0,
430,Dylan Laube,LV,RB,117,15,13.0,
431,Jeremy McNichols,WAS,RB,118,15,7.0,
432,Josh Oliver,MIN,TE,63,15,6.0,
433,Mitch Tinsley,CIN,WR,148,15,6.0,
434,Demarcus Robinson,SF,WR,149,15,8.0,
435,Cade Klubnik,NYJ,QB,46,15,13.0,
436,Rasheen Ali,BAL,RB,119,15,13.0,-152.0
437,Raheem Mostert,LV,RB,120,15,13.0,
438,Riley Leonard,IND,QB,47,15,13.0,-138.0
439,Brittain Brown,CHI,RB,121,15,10.0,
440,Kyle Juszczyk,SF,RB,122,15,8.0,
441,Elijah Higgins,ARI,TE,64,15,14.0,
442,Jordan Waters,LAR,RB,123,15,11.0,
443,Las Vegas Raiders,LV,DST,30,15,13.0,-76.0
444,Miles Sanders,FA,RB,124,15,,
445,Devontez Walker,BAL,WR,150,15,13.0,-168.0
446,Mitchell Evans,CAR,TE,65,15,5.0,
447,Ty Chandler,NO,RB,125,15,8.0,
448,Kevin Austin Jr.,NO,WR,151,15,8.0,
449,Tai Felton,MIN,WR,152,15,6.0,
450,Gardner Minshew II,ARI,QB,48,15,14.0,-164.0
451,Robert Henry Jr.,WAS,RB,126,15,7.0,
452,Tanner McKee,PHI,QB,49,15,10.0,
453,Jaret Patterson,LAC,RB,127,15,7.0,
454,Malik Benson,LV,WR,153,15,13.0,-132.0
455,Ameer Abdullah,JAC,RB,128,15,7.0,
456,Elijah Moore,PHI,WR,154,15,10.0,
457,AJ Dillon,CAR,RB,129,15,5.0,
458,Jahdae Walker,CHI,WR,155,15,10.0,
459,Xavier Smith,LAR,WR,156,15,11.0,
460,Pierre Strong Jr.,GB,RB,130,15,11.0,
461,Sam Roush,CHI,TE,66,15,10.0,-171.0
462,Nate Boerkircher,JAC,TE,67,15,7.0,
463,Tanner Koziol,JAC,TE,68,15,7.0,
464,Ronnie Bell,NO,WR,157,15,8.0,
465,Adam Trautman,DEN,TE,69,15,10.0,
466,Luke Schoonmaker,DAL,TE,70,15,14.0,
467,Myles Montgomery,NE,RB,131,15,11.0,
468,Cam Akers,FA,RB,132,16,,
469,Charlie Kolar,LAC,TE,71,16,7.0,-123.0
470,Brock Wright,DET,TE,72,16,6.0,
471,Jack Endries,CIN,TE,73,16,6.0,
472,Quinn Ewers,MIA,QB,50,16,6.0,-132.0
473,Roman Wilson,PIT,WR,158,16,9.0,
474,Roman Hemby,LV,RB,133,16,13.0,
475,Tyler Badie,DEN,RB,134,16,10.0,
476,Jackson Hawes,BUF,TE,74,16,7.0,
477,Jaydn Ott,KC,RB,135,16,5.0,
478,Michael Trigg,DAL,TE,75,16,14.0,
479,Thomas Fidone II,NYG,TE,76,16,8.0,
480,Jason Sanders,NYJ,K,31,16,13.0,
481,New York Jets,NYJ,DST,31,16,13.0,-95.0
482,Elijah Mitchell,PHI,RB,136,16,10.0,
